32000	Következő részek
32001	Ajánlott filmek
32002	Ajánlott tartalmak
32003	Legújabb filmek és sorozatok
32004	Hasonló filmek
32005	Folyamatban lévő és ajánlott tartalmak
32006	Véletlenszerű részek
32007	Ajánlott részek
32008	Folyamatban lévő és ajánlott részek
32009	Folyamatban lévő részek és filmek
32010	Hasonló sorozatok
32011	Hasonló filmek és sorozatok
32012	Különkiadások megjelenítése a rész-widgetekben
32013	Folyamatban lévő részek
32014	Folyamatban lévő filmek
32015	Folyamatban lévő és ajánlott filmek
32016	Megnézett elemek elrejtése a videó-widgetekben
32017	A „Következő részek” widgetben csak a folyamatban lévő sorozatok
32018	Ajánlott sorozatok
32019	Nemrég hozzáadott filmek
32020	Nemrég hozzáadott részek
32021	Véletlenszerű sorozatok
32022	Folyamatban lévő sorozatok és filmek
32023	Filmek és sorozatok újranézésre
32024	Folyamatban lévő sorozatok
32025	Nemrég hozzáadott sorozatok
32026	Véletlenszerű filmek
32027	Folyamatban lévő és véletlenszerű részek
32028	Elemek csoportosítása a legújabb részek widgetben
32029	Elemek alapértelmezett száma a widgetben
32030	Összevont
32031	Véletlenszerű filmek és sorozatok
32032	Folyamatban lévő és véletlenszerű tartalmak
32033	Meg nem nézett filmek
32034	Megnézett elemek elrejtése a legújabb elemek listáiban
32035	Közös
32036	Widgetek gyakoribb (agresszív) frissítése
32037	A „hasonló” widgetekhez figyelembe vett, nemrég nézett elemek száma
32038	Megnézett elemek elrejtése a „hasonló” widgetekben
32039	Kísérleti ajánló widgetek bekapcsolása
32040	Ajánlott a lejátszási listából (előbb filmek, aztán sorozatok)
32041	Hasonló a lejátszási listához
32042	Hasonló a lejátszási listához (előbb filmek, aztán sorozatok)
32043	Ajánlott a lejátszási listából
32044	Filmek és sorozatok a Listámban
32045	Népszerű filmek és sorozatok
32046	Új megjelenések: filmek és sorozatok
32047	Filmek a Listámban
32048	Sorozatok a Listámban
32049	Filmek és sorozatok műfaj szerint
