32000	Általános
32001	Alapértelmezett mentési hely
32002	Válaszd ki, hová kerüljenek a skinmentések
32003	Add meg a mentés nevét
32004	Skinbeállítások mentése
32005	A mentésfájl elkészült!
32006	Skinbeállítások visszaállítása
32007	Visszaállítás…
32008	Skinmentés-fájl kiválasztása
32009	A mentés sikeresen visszaállítva!
32010	Skin visszaállítása alapállapotra
32011	Biztosan visszaállítod a skint az alapértelmezett beállításokra?
32012	Beállítások
32013	Új mentés készítése
32014	Mentés kiválasztása fájlból
32015	Visszaállítás
32016	Skinmentések kezelése
32017	Add meg, mikor kapcsoljon be ez a téma (óó:pp, 24 órás formátumban)
32018	Jó formátumban adtad meg az időt?
32019	Bekapcsol minden nap ekkor: 
32020	Színtémák kezelése
32021	Színtéma alkalmazása
32022	Téma exportálása fájlba
32023	Add meg a színtéma nevét
32024	Képernyőkép a színtémáról (nem kötelező)
32025	Saját színtéma
32026	A színtéma elkészült
32027	A színtémád mostantól ott van az elérhető témák listájában
32028	Add meg a téma nevét
32029	Válaszd ki, hová kerüljön az export
32030	Skintéma-mentés fájl kiválasztása
32031	Színtéma kiválasztása
32032	Automatikus napi mentés
32033	Visszaállítás…
32034	Megőrzött régi mentések legnagyobb száma
32035	Színtéma készítése
32036	Új, saját színtéma készítése a skin jelenlegi színbeállításai alapján.
32037	Színtéma importálása
32038	Színtéma importálása fájlból.
