32000	Nincs
32001	Háttér-fedőréteg mintázata
32002	Saját kép (egy darab)
32003	Saját képek (mappa)
32004	Töltésjelző kiválasztása
32005	Hiányzik: %s!
32006	Hogy a legtöbbet hozd ki a skinből, érdemes telepíteni egy képcsomag-kiegészítőt ehhez: %s. \n Kiválasztod és telepíted most a képcsomagot?
32007	Saját útvonal
32008	Képcsomag-kiegészítő vagy saját mappa kiválasztása
32009	Nézet kiválasztása
32010	Nézetek be- / kikapcsolása
32011	Kép kiválasztása
32012	Elérhető képcsomag-kiegészítők
32013	Ehhez a típushoz nincs (több) elérhető képcsomag
