31000	É
31001	R
31002	R
31003	Fejléc szövegszíne
31004	Mozgó fókuszkeret
31005	Általános skinbeállítások
31006	Értékelések listájának beállítása
31007	Új részek
31008	Jelölő hátterének színe
31009	Speciális elrendezés
31010	Lejátszás és OSD
31011	Kijelölt gomb szövegszíne (billentyűzet)
31012	Up Next kiegészítő beállításai
31013	Parancsikonok beállítása
31014	Menüpontok és kezdőképernyő-widgetek szerkesztése
31015	Gomb szövegszíne
31016	Bingie lejátszás és OSD
31017	Alternatív OSD-elrendezés lejátszáskor
31018	Bingie fekvő
31019	Folyamatjelző színe
31020	Folyamatjelző háttérszíne
31021	Stáblista megnézése
31022	Háttérbeállítások
31023	Korhatár
31024	Lejátszás leállítása a teljes képernyőből kilépéskor (élő TV kivételével)
31025	Kategóriák
31026	Korhatár-jelölés panelszíne
31027	Bingie poszter
31028	Címkék a widgeteken
31029	Rózsaszín
31030	OSD leírás szövegszíne
31031	A szereplőlistában mutatott szereplők száma
31032	OSD folyamatjelző háttérszíne
31033	OSD folyamatjelző színe
31034	„Szülői felügyelet erősen ajánlott” panel színe
31035	Folyamatban lévő filmek
31036	Kiemelt sáv leírásának szövegszíne
31037	Elemek alapértelmezett száma a widgetekben
31038	Kompakt fejléc
31039	„Új részek” jelölő bekapcsolása
31040	Most megy
31041	Bingie nyitókép
31042	Stúdiólogó megjelenítése
31043	OSD folyamatjelző pufferszíne
31044	Videó-adatlap
31045	Adásnap megjelenítése
31046	Anime
31047	Másodlagos szövegszín
31048	Főmenü kijelölt ikonjának színe
31049	Zene és musical
31050	Összes film
31051	Összes sorozat
31052	Időjárás-háttérképek kiválasztása
31053	Itt választhatod ki, melyik színpaletta jelenjen meg alapból, amikor a színválasztó megnyílik.
31054	Alapértelmezett paletta a színválasztóhoz
31055	Színválasztó alappalettája
31056	Fekvő
31057	OSD gombszín
31058	Sorozatok oldalának testreszabása
31059	van hátra
31060	OSD gombok megjelenítése / elrejtése
31061	–
31062	YouTube
31063	Fejezetjelölők megjelenítése
31064	Ebben a kategóriában nincs elem.
31065	Következő rész
31066	Lejátszás:
31067	Mindig rejtve
31068	Alternatív lejátszás és OSD
31069	Előzetesek forrása
31070	Évad lejátszása:
31071	Beállítások szintje
31072	OSD automatikus bezárása
31073	Nézet zárolása
31074	Nézet feloldása
31075	Indítóanimáció 4K-ban
31076	Profilváltás
31077	Főmenü ikonszíne
31078	Időjárás-ikonok kiválasztása
31079	Sorozatok, amiket ledarálsz
31080	OSD alcím szövegszíne
31081	Korlátozott tartalom panelszíne
31082	Gombok kiválasztása a videó-adatlapon
31083	Zenei háttér animálása
31084	Kiegészítő videóadat-ikonok színe
31085	Jelölők szövegszíne
31086	Hozzáadás a Listámhoz
31087	OSD automatikus bezárási ideje
31088	Élő TV
31089	Stáb
31090	Nagy színes ikonok
31091	Eltávolítás a Listámból
31092	OSD-infópanel szüneteltetéskor
31093	Folyamatjelző szövegszíne
31094	Wikipédia
31095	Bingie évadok
31096	OSD elsődleges szövegszíne
31097	OSD részletsor szövegszíne
31098	„Nincs besorolva” panel színe
31099	Négyzet
31100	Főszerepben
31101	Nemrég hozzáadott sorozatok
31102	Címke szövegszíne
31103	OSD címke szövegszíne
31104	Rotten Tomatoes közönség-értékelés
31105	Jelölő szövegszíne
31106	Képek véletlen sorrendben (csak több képnél)
31107	Clearlogo kikapcsolása (szöveges cím helyette)
31108	Megjelent
31109	Videólejátszás
31110	TMDb filmek, sorozatok és személyek
31111	Bemutató dátuma az évszám helyett
31112	Vége
31113	Almenü automatikus megnyitása
31114	Bővített adatok megjelenítése
31115	Kezdőképernyő elrendezése
31116	Rotten Tomatoes értékelés
31117	Késleltetve
31118	Értékelések és stúdiólogó láthatósága
31119	Nagy bélyegkép megjelenítése
31120	Részletikonok (szereplők, rendező, műfaj…)
31121	neked
31122	Bingie négyzet
31123	Mozgó fókuszkeret a kezdőképernyőn és az aloldalakon
31124	Metacritic értékelés
31125	Mindig látható
31126	Kedvencek
31127	Hangerőjelző színe
31128	Nemrég lejátszott
31129	Hangerőjelző stílusa
31130	Pufferelési állapot megjelenítése videólejátszás közben
31131	Nemrég hozzáadott előadók
31132	Főmenü / almenü kijelölt szövegszíne
31133	Ugrás adott időpontra
31134	Panel
31135	Főmenü / almenü szövegszíne
31136	Nagyítási effekt
31137	Felvételek beállításai
31138	Csak ennek a résznek a felvételét törli
31139	Az összes rész felvételét törli
31140	Letterboxd értékelés
31141	Címkék a nézetekben
31142	Mini műsorújság előnyben teljes képernyőn
31143	Leírás szövegszíne
31144	A részletsorban megjelenő adatok kiválasztása
31145	Korhatár
31146	Hossz / évadok száma
31147	Inaktív
31148	Trakt-kezelő
31149	–
31150	és
31151	Háttér-fedőréteg színe
31152	Bingie animáció
31153	Trakt
31154	Indítóanimációk
31155	Kedvencek hozzáadása / eltávolítása
31156	Értékelések és stúdiólogó
31157	Elsődleges szövegszín
31158	Tetszik / nem tetszik beállításai
31159	Dokumentumfilmek
31160	Kilépés a Bingie-ből
31161	1. évad lejátszása most
31162	Letiltott gomb szövegszíne
31163	Előzetes késleltetése
31164	Nincs érvényes időjárási figyelmeztetés
31165	TMDb sorozatok
31166	A Listám oldal testreszabása
31167	Kezdőképernyő és menük beállítása
31168	Ezt a skint úgy tervezték, hogy a kezdőképernyőt és a menüket a lehető legszabadabban rendezhesd el: widgeteket adhatsz hozzá vagy vehetsz el, menüket és almenüket hozhatsz létre, és még sok mást. Az alábbi gombokkal kezdheted el a menük és a widgetek testreszabását.
31169	Helykitöltő kiemelt widget kikapcsolása
31170	Menü visszaállítása a skin alapállapotára
31171	Ha a kezdőképernyő menüje furcsán viselkedik, vagy egyszerűen tiszta lappal kezdenéd, az alábbi gombbal visszaállíthatod a menüszerkezetet a skin alapértelmezett beállításaira.
31172	Ki nézi most a Bingie-t?
31173	Előzetesek automatikus lejátszása a kezdőképernyőn és az aloldalakon
31174	Kezdőképernyő-csempék és widgetek kijelölési színe
31175	Parancsikon módosítása
31176	Nyitóképernyő beállításai
31177	Cím / clearlogo animáció, ha a rendszer tétlen
31178	Értékelések és stúdiólogó elrejtése a kiemelt sávban
31179	Zenelejátszás mindig teljes képernyőn
31180	Értékelések és stúdiólogó elrejtése a widgeteken
31181	Filmműfaj-ikonok kiválasztása
31182	Menübeállítások
31183	TMDb filmek
31184	Szereplők és stáb képekkel a szöveges lista helyett
31185	Kiemelt sáv
31186	Keresés TMDb filmek, sorozatok vagy személyek között
31187	További infó
31188	Részletek beállításai
31189	Listaelem kerete / panelje kijelölve
31190	Lejátszás most
31191	Kezdés:
31192	egyezés
31193	Fókuszkeret vastagsága
31194	Támogatott kiegészítők
31195	Lejátszás az elejéről
31196	Legújabb sorozat-megjelenések
31197	Média- / kodekinformáció stílusa
31198	Értékelések elrejtése a Leírás és kritikák részben
31199	További szereplő-bélyegképek a részleteknél
31200	Lemezkép (discart) megjelenítése
31201	Lemezkép animálása
31202	Keresés menü testreszabása
31203	Háttérszín
31204	Kikapcsolás menü testreszabása
31205	Ónix
31206	Videóklip-előadók
31207	Extra háttérképek használata
31208	„Értékeld ezt a címet” (helyi könyvtár) helyett „Értékelés” (Trakt)
31209	Betöltés…
31210	Klasszikus
31211	Nemrég hozzáadott dalok
31212	Következő rész:
31213	Automatikus előzetesek késleltetése
31214	„Hozzáadás a Listámhoz” (helyi könyvtár) helyett „Kedvencek hozzáadása / eltávolítása” (Trakt)
31215	Tartalom betöltése
31216	Csak ha az OSD aktív
31217	Újraindítás Androidra
31218	Az első meg nem nézett / épp nézett rész adatai a sorozat-adatlapon
31219	Véletlenszerű filmek
31220	Fejléc szövegének árnyékszíne
31221	Médiakönyvtár nézetei
31222	Médiaadatok szövegszíne
31223	Lista
31224	Műsorújság nem kijelölt elemének panelszíne
31225	Leírások automatikus görgetése
31226	Médiaadatok fejlécszíne
31227	Új és népszerű
31228	Modern
31229	További részek
31230	Nyomd meg a FEL gombot a teljes billentyűzethez
31231	másodperc
31232	Ne rejtse el az OSD-infópanelt teljes képernyős zenelejátszáskor
31233	Kijelölt gomb színe
31234	TMDb filmgyűjtemények
31235	Videófeldolgozási információk
31236	Részletsor szövegszíne
31237	Műfajszínek a műsorújság idővonalán
31238	Dalszöveg színe
31239	Alternatív folyamatjelző a műsorújságban
31240	Szerintünk ez tetszeni fog
31241	Korhatár
31242	Skin-erőforrások beállításai
31243	Nagy, gördülő szöveg zenelejátszás közben
31244	IMDb Top 250
31245	Az idővonalon mutatott sorok száma
31246	Stáblista és további infó
31247	Előzetesek és egyebek
31248	IMDb
31249	Tekerés / ugrás jelzése az OSD-n
31250	Egyéni oldal testreszabása
31251	Egyéni színbeállítások
31252	Egyéni oldal
31253	ELŐRETEKERÉS
31254	VISSZATEKERÉS
31255	Keresés filmek, sorozatok vagy részek között
31256	Ma felkapott sorozatok
31257	Memóriahasználat
31258	Befejezési, aktuális és teljes idő az OSD-n
31259	Animált lemezkép bekapcsolása
31260	Panelszín
31261	Nincs találat a keresésre.
31262	A Bingie skinben a tartalom külön aloldalakba (hubokba) van rendezve. Így könnyű a kategóriák között mozogni és megtalálni, amit keresel. Ahogy a kezdőképernyőn, itt is hozzáadhatsz új widgeteket, eltávolíthatod a meglévőket, és teljesen testreszabhatod a kinézetüket és a működésüket.
31263	A TMDb ajánlja
31264	Hóesés-animáció
31265	Minden almenü kikapcsolása
31266	Háttéranimáció
31267	Általános widget-beállítások
31268	Háttérkép (fanart) kikapcsolása
31269	Nagy fehér ikonok
31270	Általános képek és részletek
31271	Mentés és visszaállítás
31272	Skinbeállítások mentése
31273	Skinbeállítások visszaállítása
31274	Skin visszaállítása alapállapotra
31275	Bingie logó elrejtése a kezdőképernyőn
31276	Menü automatikus elrejtése
31277	IMDb Top 250 film
31278	Értékelések és stúdiólogó elrejtése előzetes lejátszása közben
31279	Sötétszürke
31280	OSD pufferelési ikon színe
31281	Folyamatjelző kikapcsolása a cím / clearlogo alatt (alapjelölő helyette)
31282	Piros-fehér kiegészítő részletikon előnyben
31283	Fehér ikon a Top 250 alcímnél
31284	Top 250 alcím a kezdőképernyőn és a Bingie-nézetekben
31285	Áttekintés
31286	36 órás előrejelzés
31287	Óránkénti előrejelzés
31288	Hétvégi előrejelzés
31289	10 napos előrejelzés
31290	Csapadék esélye
31291	Előrejelzés lekérése…
31292	Sorozat állapota
31293	Csak zenénél
31294	Részeknél és zenénél
31295	TMDb értékelés
31296	Egy háttérkép megjelenítési ideje
31297	Kiemelt widget kikapcsolása
31298	képpont
31299	Színes, rögzített méretű
31300	Filmek újranézésre
31301	Az első meg nem nézett rész automatikus kijelölése a listákban
31302	Rögzített korhatár-panel keretszíne
31303	Szín
31304	Részeknél a sorozat bélyegképe a widgetekben
31305	Dekóder
31306	Brit korhatár-jelölés (csak amerikai és brit besorolásnál)
31307	Dalszöveg fedőréteg-színe
31308	Filmműfaj-háttérképek kiválasztása
31309	Korhatár-jelölés stílusa
31310	Fejléc elrejtése
31311	ma az IMDb-n
31312	Csatornalogó / csatornaszám láthatósága a műsorújságban
31313	Legtöbbet lejátszott filmek
31314	Legtöbbet lejátszott sorozatok
31315	Legnézettebb filmek
31316	Legnézettebb sorozatok
31317	Gyűjtemények kikapcsolása
31318	Bingie részek
31319	Trakt – népszerű sorozatok
31320	Top 250 alcím a videó-adatlapon
31321	Bingie-nézetek
31322	Top 250 alcím a kiemelt sávban
31323	Top 250 alcím láthatósága
31324	Értékelések és stúdiólogó elrejtése a nézetekben
31325	Aktuális időjárás megjelenítése
31326	Trakt – népszerű filmek
31327	Clearlogo / cím helyzete (a Bingie-nézetek kivételével)
31328	Trakt – felkapott sorozatok
31329	Bal felül
31330	Középen felül
31331	Jobb felül
31332	Ma felkapott filmek
31333	Mert megnézted:
31334	Legújabb film-megjelenések
31335	Legtöbb szavazatot kapott filmek
31336	Legtöbb szavazatot kapott sorozatok
31337	Trakt – felkapott filmek
31338	Fehér értékelések és stúdiólogó előnyben
31339	Legjobbra értékelt filmek
31340	Legjobbra értékelt sorozatok
31341	Összes rész
31342	Rész száma
31343	Legnagyobb bevételű filmek
31344	Görgetősáv láthatósága
31346	TMDb – népszerű sorozatok
31347	TMDb – népszerű filmek
31348	Felirat-fedőréteg szövegszíne
31349	Felirat-fedőréteg panelszíne
31350	Menüszínek
31351	Oldalpanel / beállításmenü panelszíne
31352	Rejtélyes sorozatok
31353	Western sorozatok
31354	Biztosan visszaállítod a menüpontokat az alapértelmezett beállításokra?
31355	Címkék középre igazítása
31356	Infópanel jobb oldalon
31357	IMDb értékelés
31358	Lejátszás / megnyitás helyett adatlap megnyitása (csak widgeteknél)
31359	A videó-adatlapon megjelenő részletek kiválasztása
31360	Értékelések bekapcsolása
31361	Közös háttér
31362	Automatikus szünet az OSD megnyitásakor
31363	TMDb személyek
31364	Animációs sorozatok
31365	Lábléc színei
31366	Most nézed:
31367	Skinmentések kezelése
31368	Színtémák kezelése
31369	Ikon beállítása
31370	Előzetesek automatikus lejátszása a kiemelt widgetben
31371	A Listád még üres.[CR]Kezdd el hozzáadni a kedvenc filmjeidet és sorozataidat: az adatlapon nyomd meg a „Hozzáadás a Listámhoz” gombot.
31372	Krimisorozatok
31373	Sci-fi és fantasy sorozatok
31374	Háborús és politikai sorozatok
31375	OSD média- / kodekinformáció színe
31376	Gyerek- és családi sorozatok
31377	Dokumentumsorozatok
31378	Alternatív videó-adatlap
31379	Kiemelt widget beállítása
31380	Hangfeldolgozási információk
31381	Drámasorozatok
31382	Vígjátéksorozatok
31383	„Lepj meg” oldal testreszabása
31384	Háttérkép
31385	Lepj meg
31386	Akció- és kalandsorozatok
31387	Üdv a Bingie-ben!
31388	Ez a skin a Netflix tévés élményét idézi.[CR]Hogy minden úgy működjön, ahogy kell, érdemes a következő Kodi-beállításokat megadni:[CR][CR][COLOR ff41b957]    - Egér kikapcsolása[CR]    - Szülőmappa-elemek elrejtése[CR]    - Az első meg nem nézett rész automatikus kijelölése[CR]    - Sorozatévadok összevonása (minden rész egy listában)[CR]    - Alapművelet: „Folytatás”[/COLOR][CR][CR]Ezek a beállítások globálisak, minden telepített skinre érvényesek.[CR]De nyugi: mindegyik visszaállítható a Kodi beállításaiban.
31389	Ajánlott beállítások alkalmazása
31390	Jelenlegi beállításaim megtartása
31391	Művelet módosítása
31392	Parancsikon kikapcsolása
31393	Lábléc ikonszíne
31394	Dalszöveg színei
31395	A Bingie-vel a Kodi és a könyvtárad összes tartalma egy helyen van, widgetek segítségével.[CR][CR]A kezdőképernyő widgetjei és az aloldalak itt állíthatók be:[CR][COLOR white]    - Skinbeállítások -> Parancsikonok beállítása[CR][CR]A skin eleve tartalmaz film- és sorozat-widgeteket.[CR]Ha még nem adtál fájlokat a videókönyvtáradhoz, most itt a jó alkalom.[CR]Különben a TMDb Bingie Helper widgetjeivel indulsz.[/COLOR][CR][CR][COLOR ff41b957]A TMDb Bingie Helper maga nem játszik le semmit. Filmekhez és sorozatokhoz külön lejátszó-kiegészítő kell. Ha szeretnéd, beállíthatod, hogy a TMDb Bingie Helper azt használja a lejátszáshoz:[CR]    - Skinbeállítások -> Támogatott kiegészítők -> TMDb Bingie Helper -> Lejátszók[CR]Az alapértelmezett widgeteket bármikor lecserélheted a sajátjaidra.[/COLOR]
31396	Videók hozzáadása a könyvtárhoz
31397	Első lépések a Bingie-vel
31398	Thriller
31399	Westernek
31400	[B]MEGJELENÉS BEÁLLÍTÁSA[/B][CR][CR]Skin váltása · Nyelv és régió beállítása · Képernyővédő beállítása
31401	[B]MÉDIA BEÁLLÍTÁSA[/B][CR][CR]Videó-, zene- és képkönyvtár kezelése
31402	[B]LEJÁTSZÓ BEÁLLÍTÁSA[/B][CR][CR]Lejátszási beállítások · Feliratstílus
31403	[B]JÁTÉKOK BEÁLLÍTÁSA[/B][CR][CR]Játékbeállítások
31404	[B]FÁJLKEZELŐ[/B][CR][CR]Fájlok böngészése és rendezése
31405	[B]HÁLÓZAT BEÁLLÍTÁSA[/B][CR][CR]Fájlmegosztás és internet-hozzáférés beállításai
31406	[B]RENDSZER BEÁLLÍTÁSA[/B][CR][CR]Kép és hang beállítása · Hibakeresés bekapcsolása
31407	[B]SKIN BEÁLLÍTÁSA[/B][CR][CR]Bingie beállítása · Kezdőképernyő és aloldalak
31408	[B]KIEGÉSZÍTŐK[/B][CR][CR]Kiegészítők böngészése, telepítése és kezelése
31409	[B]RENDSZERINFORMÁCIÓ[/B][CR][CR]Összegzés · Tárhely · Hálózat · Videó · Hardver
31410	[B]ÉLŐ TV BEÁLLÍTÁSA[/B][CR][CR]PVR-beállítások
31411	Kiegészítő infó szövegszíne
31412	Alcím szövegszíne
31413	Aloldalak beállítása
31414	Rejtélyek
31415	Menüpontok visszaállítása
31416	„Nem tetszik” értékelés értéke
31417	Tetszik / nem tetszik
31418	„Tetszik” értékelés értéke
31419	Műsorújság kijelölt elemének panelszíne
31420	Leírás és kritikák
31421	[B]KODI-FELHASZNÁLÓI PROFILOK[/B][CR][CR]Új profil létrehozása vagy meglévő szerkesztése
31422	Panel részletekkel
31423	Váltakozó poszter
31424	Szalagcím részletekkel
31425	Szalagcím
31426	Nagy panel
31427	Romantikus
31428	Sci-fi
31429	Poszter-bemutató
31430	Nagy fekvő
31431	Fekvő, egy sorban
31432	TMDb – felkapott filmek
31433	Értékeld ezt a címet
31434	Filmek oldalának testreszabása
31435	Animációk
31436	Keresési javaslatok kikapcsolása
31437	Négyzet részletekkel
31438	Jelölő, ha az elem éppen megy, vagy felvétel / időzítés van rajta (PVR)
31439	Fekvő részletekkel
31440	Posztersor
31441	Eltolt poszterek
31442	Történelmi és háborús
31443	IMDb Top 250 sorozat
31444	Lista részletekkel
31445	Panel, egy sorban
31446	Fantasy
31447	Bingie fekvő címke-alcím
31448	Krimi
31449	Váltási idő több képes és véletlen háttérképeknél
31450	Fejléc színei
31451	Gyerek és család
31452	Horror
31453	TMDb – felkapott sorozatok
31454	A hét felkapott filmjei
31455	Lábléc szövegszíne
31456	Drámák
31457	Vígjátékok
31458	Hasonlók
31459	Kijelölt gomb szövegszíne
31460	Szövegszín
31461	Clearlogo
31462	Színtémák
31463	Színtéma kiválasztása
31464	A Bingie skinben szinte minden szín kézzel beállítható. A testreszabást elmentheted színtémaként, vagy mindent visszaállíthatsz alapra.
31465	Almenü testreszabása
31466	Felirat beállítása
31467	Műsorújság folyamatjelzőjének színe
31468	Tartalomtípus
31469	Akció és kaland
31470	Részletsor értékelésszíne
31471	„Csak felnőtteknek” panel színe
31472	Zene oldalának testreszabása
31473	OSD panelszín
31474	Borostyán
31475	Gombszín
31476	Listaelem kerete / panelje nem kijelölve
31477	Lábléc szövegének árnyékszíne
31478	OSD szövegszín
31479	Hasonló
31480	Előzetes lejátszása
31481	Műsorújság nem kijelölt elemének szövegszíne
31482	Oscar
31483	Trakt értékelés
31484	Főmenü ikonjának aláhúzásszíne
31485	Választógomb és léptető kijelölt / aktív színe
31486	Általános színek
31487	Nézetek be- / kikapcsolása
31488	Író
31489	Minden tartalomnál
31490	Widget módosítása
31491	Kategóriák oldalának testreszabása
31492	Valami mást játssz
31493	YouTube-videók
31494	Emmy
31495	Görgetősáv háttérszíne
31496	Görgetősáv színe (nem kijelölve)
31497	Görgetősáv színe (kijelölve)
31498	Helyettesítő lemezkép, ha nincs saját
31499	Csatornaszám
31500	Csak helyi előzetesek
31501	Újratöltés
31502	Golden Globe
31503	Óra
31504	Alapértelmezett zenei háttér (ha nincs előadói háttérkép)
31505	Várakozás-animáció színe
31506	„Új és népszerű” oldal testreszabása
31507	Widgetek elrendezése
31508	Szereplők (sorozatok)
31509	Stáb (filmek)
31510	Stáb (sorozatok)
31511	Csak részeknél
31512	Médiaelemek jelölői
31513	Jelölő a megnézett elemeken
31514	Jelölő a folyamatban lévő elemeken
31515	Jelölő a filmgyűjteményeken
31516	Jelölő a meg nem nézett részeken
31517	Jelölő hátterének színe (háromszög)
31518	Kényszerített nézetek
31519	Szereplők (filmek)
31520	Widget-betöltés animációjának színe
31521	Jelölőkép színe
31522	Automatikus előzetesek
31523	Fejléc beállításai
31524	Előzetes automatikus lejátszása
31525	Fejléc a kezdőképernyőn
31526	Fejléc minden más ablakban (a kezdőképernyő kivételével)
31527	Bemutató:
31528	Következő rész lejátszása (TMDb Bingie Helper)
31529	Poszterek
31530	Alkotó
31531	Alkotó:
31532	Kritikusok kedvencei
31533	Előzetesek beállításai
31534	Listám
31535	OSD kijelölt gomb színe
31536	Időjárási figyelmeztetések
31537	Jelölők színe
31538	Műsorújság kijelölt elemének szövegszíne
31539	Világospiros
31540	A hét felkapott sorozatai
31541	Rendező:
31542	Író:
31543	A Listád még üres.[CR]Kezdd el hozzáadni a kedvenc filmjeidet és sorozataidat: az adatlapon nyomd meg a „Kedvencek hozzáadása / eltávolítása” gombot.
31544	Ehhez a tartalomhoz nincs hozzászólás.
31545	a főszerepekben
31546	sorozat –
31547	OSD folyamatjelző keretszíne
31548	Bingie Top 250 ikon színe
31549	Következő rész lejátszása (helyi könyvtár)
31550	Teljes billentyűzet lehetősége
31551	„Szülői felügyelet ajánlott” panel színe
31552	„Korhatár nélkül” panel színe
31553	Extra háttérképek kikapcsolása
31554	Négyzet
31555	Előadói logó teljes képernyős zenelejátszáskor
31556	Sorozatok újranézésre
31557	Dalszöveg színe (nem kijelölve)
31558	Ebben a kategóriában nincs találat.
31559	Zenelejátszás
31560	Csatornalogó
31561	Kiegészítő infó ikonszíne
31562	Korhatár-jelölés betűszíne
31563	Népszerű
31564	Widgetek
31565	OSD-infópanel
31566	Sorozatok
31567	Egyszerű lista (PVR)
31568	Jelölő a meg nem nézett elemeken
31569	Médialista-elem szövegszíne (nem kijelölve)
31570	Médialista-elem szövegszíne (kijelölve)
31571	Médialista-elem panelszíne (kijelölve)
31572	Kiegészítő infó szövegszíne (videó-adatlap)
31573	OSD folyamatjelző pufferszíne
31574	Háttérszín-árnyalat
31575	Mini csatornalista előnyben teljes képernyőn
31576	Fekvő
31577	Hardveres dekódolás
31578	Widget
31579	Lejátszás-ikon színe
